{
  "3": {
    "inputs": {
      "seed": 237514639057514,
      "steps": 20,
      "cfg": 2.5,
      "sampler_name": "euler",
      "scheduler": "karras",
      "denoise": 1,
      "model": [
        "14",
        0
      ],
      "positive": [
        "12",
        0
      ],
      "negative": [
        "12",
        1
      ],
      "latent_image": [
        "12",
        2
      ]
    },
    "class_type": "KSampler",
    "_meta": {
      "title": "KSampler"
    }
  },
  "8": {
    "inputs": {
      "samples": [
        "3",
        0
      ],
      "vae": [
        "15",
        2
      ]
    },
    "class_type": "VAEDecode",
    "_meta": {
      "title": "VAE Decode"
    }
  },
  "10": {
    "inputs": {
      "filename_prefix": "ComfyUI",
      "fps": 10,
      "lossless": false,
      "quality": 85,
      "method": "default",
      "images": [
        "8",
        0
      ]
    },
    "class_type": "SaveAnimatedWEBP",
    "_meta": {
      "title": "SaveAnimatedWEBP"
    }
  },
  "12": {
    "inputs": {
      "width": 1024,
      "height": 576,
      "video_frames": 25,
      "motion_bucket_id": 127,
      "fps": 6,
      "augmentation_level": 0,
      "clip_vision": [
        "15",
        1
      ],
      "init_image": [
        "20",
        0
      ],
      "vae": [
        "15",
        2
      ]
    },
    "class_type": "SVD_img2vid_Conditioning",
    "_meta": {
      "title": "SVD_img2vid_Conditioning"
    }
  },
  "14": {
    "inputs": {
      "min_cfg": 1,
      "model": [
        "15",
        0
      ]
    },
    "class_type": "VideoLinearCFGGuidance",
    "_meta": {
      "title": "VideoLinearCFGGuidance"
    }
  },
  "15": {
    "inputs": {
      "ckpt_name": "svd_xt.safetensors"
    },
    "class_type": "ImageOnlyCheckpointLoader",
    "_meta": {
      "title": "Image Only Checkpoint Loader (img2vid model)"
    }
  },
  "16": {
    "inputs": {
      "ckpt_name": "sd_xl_base_1.0.safetensors"
    },
    "class_type": "CheckpointLoaderSimple",
    "_meta": {
      "title": "Load Checkpoint"
    }
  },
  "17": {
    "inputs": {
      "seed": 144698910769133,
      "steps": 15,
      "cfg": 8,
      "sampler_name": "uni_pc_bh2",
      "scheduler": "normal",
      "denoise": 1,
      "model": [
        "16",
        0
      ],
      "positive": [
        "18",
        0
      ],
      "negative": [
        "19",
        0
      ],
      "latent_image": [
        "22",
        0
      ]
    },
    "class_type": "KSampler",
    "_meta": {
      "title": "KSampler"
    }
  },
  "18": {
    "inputs": {
      "text": "photograph beautiful scenery nature mountains alps river rapids snow sky cumulus clouds",
      "clip": [
        "16",
        1
      ]
    },
    "class_type": "CLIPTextEncode",
    "_meta": {
      "title": "CLIP Text Encode (Prompt)"
    }
  },
  "19": {
    "inputs": {
      "text": "text, watermark",
      "clip": [
        "16",
        1
      ]
    },
    "class_type": "CLIPTextEncode",
    "_meta": {
      "title": "CLIP Text Encode (Prompt)"
    }
  },
  "20": {
    "inputs": {
      "samples": [
        "17",
        0
      ],
      "vae": [
        "16",
        2
      ]
    },
    "class_type": "VAEDecode",
    "_meta": {
      "title": "VAE Decode"
    }
  },
  "21": {
    "inputs": {
      "images": [
        "20",
        0
      ]
    },
    "class_type": "PreviewImage",
    "_meta": {
      "title": "Preview Image"
    }
  },
  "22": {
    "inputs": {
      "width": 1024,
      "height": 576,
      "batch_size": 1
    },
    "class_type": "EmptyLatentImage",
    "_meta": {
      "title": "Empty Latent Image"
    }
  }
}