{
  "3": {
    "inputs": {
      "seed": 808369199502636,
      "steps": 20,
      "cfg": 8,
      "sampler_name": "uni_pc_bh2",
      "scheduler": "normal",
      "denoise": 1,
      "model": [
        "29",
        0
      ],
      "positive": [
        "6",
        0
      ],
      "negative": [
        "7",
        0
      ],
      "latent_image": [
        "26",
        0
      ]
    },
    "class_type": "KSampler",
    "_meta": {
      "title": "KSampler"
    }
  },
  "6": {
    "inputs": {
      "text": "teacup on pink tablecloth, Anime style",
      "clip": [
        "29",
        1
      ]
    },
    "class_type": "CLIPTextEncode",
    "_meta": {
      "title": "CLIP Text Encode (Prompt)"
    }
  },
  "7": {
    "inputs": {
      "text": "watermark, text\n",
      "clip": [
        "29",
        1
      ]
    },
    "class_type": "CLIPTextEncode",
    "_meta": {
      "title": "CLIP Text Encode (Prompt)"
    }
  },
  "8": {
    "inputs": {
      "samples": [
        "3",
        0
      ],
      "vae": [
        "29",
        2
      ]
    },
    "class_type": "VAEDecode",
    "_meta": {
      "title": "VAE Decode"
    }
  },
  "9": {
    "inputs": {
      "filename_prefix": "ComfyUI",
      "images": [
        "8",
        0
      ]
    },
    "class_type": "SaveImage",
    "_meta": {
      "title": "Save Image"
    }
  },
  "20": {
    "inputs": {
      "image": "input.png"
    },
    "class_type": "LoadImage",
    "_meta": {
      "title": "Load Image"
    }
  },
  "26": {
    "inputs": {
      "grow_mask_by": 6,
      "pixels": [
        "20",
        0
      ],
      "vae": [
        "29",
        2
      ],
      "mask": [
        "20",
        1
      ]
    },
    "class_type": "VAEEncodeForInpaint",
    "_meta": {
      "title": "VAE Encode (for Inpainting)"
    }
  },
  "29": {
    "inputs": {
      "ckpt_name": "512-inpainting-ema.safetensors"
    },
    "class_type": "CheckpointLoaderSimple",
    "_meta": {
      "title": "Load Checkpoint"
    }
  }
}