{
  "3": {
    "inputs": {
      "seed": 476514576444494,
      "steps": 20,
      "cfg": 7,
      "sampler_name": "dpmpp_2m",
      "scheduler": "karras",
      "denoise": 1,
      "model": [
        "29",
        0
      ],
      "positive": [
        "6",
        0
      ],
      "negative": [
        "7",
        0
      ],
      "latent_image": [
        "26",
        0
      ]
    },
    "class_type": "KSampler",
    "_meta": {
      "title": "KSampler"
    }
  },
  "6": {
    "inputs": {
      "text": "a close-up of a delicate pink rose with velvety petals,reflecting soft ambient light,Dark green-toned light\n\nThe background consists of blurred pink roses and green foliage, creating a dreamy and harmonious depth. \n\n(soft lighting, dim background, cinematic lighting, realistic shading, gentle contrast, warm tones), ",
      "clip": [
        "29",
        1
      ]
    },
    "class_type": "CLIPTextEncode",
    "_meta": {
      "title": "CLIP Text Encode (Prompt)"
    }
  },
  "7": {
    "inputs": {
      "text": "watermark, text",
      "clip": [
        "29",
        1
      ]
    },
    "class_type": "CLIPTextEncode",
    "_meta": {
      "title": "CLIP Text Encode (Prompt)"
    }
  },
  "8": {
    "inputs": {
      "samples": [
        "3",
        0
      ],
      "vae": [
        "29",
        2
      ]
    },
    "class_type": "VAEDecode",
    "_meta": {
      "title": "VAE Decode"
    }
  },
  "9": {
    "inputs": {
      "filename_prefix": "ComfyUI",
      "images": [
        "8",
        0
      ]
    },
    "class_type": "SaveImage",
    "_meta": {
      "title": "Save Image"
    }
  },
  "20": {
    "inputs": {
      "image": "input (1).png"
    },
    "class_type": "LoadImage",
    "_meta": {
      "title": "Load Image"
    }
  },
  "26": {
    "inputs": {
      "grow_mask_by": 10,
      "pixels": [
        "30",
        0
      ],
      "vae": [
        "29",
        2
      ],
      "mask": [
        "30",
        1
      ]
    },
    "class_type": "VAEEncodeForInpaint",
    "_meta": {
      "title": "VAE Encode (for Inpainting)"
    }
  },
  "29": {
    "inputs": {
      "ckpt_name": "512-inpainting-ema.safetensors"
    },
    "class_type": "CheckpointLoaderSimple",
    "_meta": {
      "title": "Load Checkpoint"
    }
  },
  "30": {
    "inputs": {
      "left": 40,
      "top": 40,
      "right": 40,
      "bottom": 128,
      "feathering": 10,
      "image": [
        "20",
        0
      ]
    },
    "class_type": "ImagePadForOutpaint",
    "_meta": {
      "title": "Pad Image for Outpainting"
    }
  }
}