{
  "3": {
    "inputs": {
      "seed": 280823642470253,
      "steps": 20,
      "cfg": 8,
      "sampler_name": "dpmpp_2m",
      "scheduler": "normal",
      "denoise": 0.8700000000000001,
      "model": [
        "14",
        0
      ],
      "positive": [
        "6",
        0
      ],
      "negative": [
        "7",
        0
      ],
      "latent_image": [
        "12",
        0
      ]
    },
    "class_type": "KSampler",
    "_meta": {
      "title": "KSampler"
    }
  },
  "6": {
    "inputs": {
      "text": "photograph of victorian woman with wings, sky clouds, meadow grass\n",
      "clip": [
        "14",
        1
      ]
    },
    "class_type": "CLIPTextEncode",
    "_meta": {
      "title": "CLIP Text Encode (Prompt)"
    }
  },
  "7": {
    "inputs": {
      "text": "watermark, text\n",
      "clip": [
        "14",
        1
      ]
    },
    "class_type": "CLIPTextEncode",
    "_meta": {
      "title": "CLIP Text Encode (Prompt)"
    }
  },
  "8": {
    "inputs": {
      "samples": [
        "3",
        0
      ],
      "vae": [
        "14",
        2
      ]
    },
    "class_type": "VAEDecode",
    "_meta": {
      "title": "VAE Decode"
    }
  },
  "9": {
    "inputs": {
      "filename_prefix": "ComfyUI",
      "images": [
        "8",
        0
      ]
    },
    "class_type": "SaveImage",
    "_meta": {
      "title": "Save Image"
    }
  },
  "10": {
    "inputs": {
      "image": "example.png"
    },
    "class_type": "LoadImage",
    "_meta": {
      "title": "Load Image"
    }
  },
  "12": {
    "inputs": {
      "pixels": [
        "10",
        0
      ],
      "vae": [
        "14",
        2
      ]
    },
    "class_type": "VAEEncode",
    "_meta": {
      "title": "VAE Encode"
    }
  },
  "14": {
    "inputs": {
      "ckpt_name": "v1-5-pruned-emaonly-fp16.safetensors"
    },
    "class_type": "CheckpointLoaderSimple",
    "_meta": {
      "title": "Load Checkpoint"
    }
  }
}